{
  "project_info": {
    "project_number": "270487502342",
    "firebase_url": "https://zaliczenieandroid-61d46.firebaseio.com",
    "project_id": "zaliczenieandroid-61d46",
    "storage_bucket": "zaliczenieandroid-61d46.appspot.com"
  },
  "client": [
    {
      "client_info": {
        "mobilesdk_app_id": "1:270487502342:android:1beadb4a3b8f40a8",
        "android_client_info": {
          "package_name": "com.example.witek.mateusz.zaliczenieandroid"
        }
      },
      "oauth_client": [
        {
          "client_id": "270487502342-vsice6i1vkv36jvc8477e5aadrrs9hdp.apps.googleusercontent.com",
          "client_type": 1,
          "android_info": {
            "package_name": "com.example.witek.mateusz.zaliczenieandroid",
            "certificate_hash": "1e3e413d7c123780273809b57acb09d5120a8798"
          }
        },
        {
          "client_id": "270487502342-lg4aoio0fcddl0kvasgdhgbon1vgmbur.apps.googleusercontent.com",
          "client_type": 3
        }
      ],
      "api_key": [
        {
          "current_key": "AIzaSyAwDWgvzQ002p6MRYEfdxNHBFPvi4-QvFI"
        }
      ],
      "services": {
        "analytics_service": {
          "status": 1
        },
        "appinvite_service": {
          "status": 2,
          "other_platform_oauth_client": [
            {
              "client_id": "270487502342-lg4aoio0fcddl0kvasgdhgbon1vgmbur.apps.googleusercontent.com",
              "client_type": 3
            }
          ]
        },
        "ads_service": {
          "status": 2
        }
      }
    }
  ],
  "configuration_version": "1"
}